Clave_Geografica,Clave_entidad,Nombre_entidad,Nombre_Abrev_entidad,Clave_Municipio,Nombre_Municipio,Clave_Localidad,Nombre_Localidad,Ambito,Latitud,Longitud,Lat_Decimal,Long_Decimal,Altitud_MSNM,Clave_Carta_INEGI,Poblacion_Total,Total_Viviendas_Habitadas
030090003,03,Baja California Sur,BCS,009,Loreto,0003,Aguajitos,Rural,"26°11´14.539""N","111°32´30.337""W",26.187372,-111.54176,123,G12A88,0,0
030090001,03,Baja California Sur,BCS,009,Loreto,0001,Loreto,Urbano,"26°00´46.000""N","111°20´36.000""W",26.012778000000001,-111.343333,1,G12A88,16311,5089
030090063,03,Baja California Sur,BCS,009,Loreto,0063,El Rosarito,Rural,"26°27´23.581""N","111°38´52.625""W",26.45655,-111.64795100000001,136,G12A78,0,0
030090391,03,Baja California Sur,BCS,009,Loreto,0391,Km 24 [Puesto Militar de Seguridad],Rural,"26°11´26.368""N","111°26´18.398""W",26.190657000000002,-111.438444,40,G12A88,0,0
030090392,03,Baja California Sur,BCS,009,Loreto,0392,El Mezquite,Rural,"26°02´49.495""N","111°22´02.378""W",26.047082,-111.367327,54,G12A88,0,0
030090393,03,Baja California Sur,BCS,009,Loreto,0393,Cuevas Pintas,Rural,"25°58´46.174""N","111°27´46.691""W",25.979492,-111.46297,200,G12C18,0,0
030090394,03,Baja California Sur,BCS,009,Loreto,0394,Rancho el Cardon,Rural,"26°00´24.607""N","111°23´45.582""W",26.006834999999999,-111.395995,54,G12A88,0,0
030090395,03,Baja California Sur,BCS,009,Loreto,0395,Finillos,Rural,"26°00´50.067""N","111°23´41.387""W",26.013908000000001,-111.394829,57,G12A88,0,0
030090396,03,Baja California Sur,BCS,009,Loreto,0396,Rancho Mirador,Rural,"25°59´34.166""N","111°22´52.912""W",25.992823999999999,-111.381364,40,G12C18,0,0
030090397,03,Baja California Sur,BCS,009,Loreto,0397,Rancho Martinillo's,Rural,"25°59´59.071""N","111°22´57.392""W",25.999742000000001,-111.382608,42,G12C18,0,0
030090399,03,Baja California Sur,BCS,009,Loreto,0399,Ninguno [Rancho],Rural,"26°00´23.853""N","111°23´31.873""W",26.006626000000001,-111.39218700000001,47,G12A88,0,0
030090400,03,Baja California Sur,BCS,009,Loreto,0400,Ninguno [Casa del Gringo],Rural,"25°58´43.544""N","111°27´30.001""W",25.978762,-111.45833399999999,191,G12C18,0,0
030090401,03,Baja California Sur,BCS,009,Loreto,0401,Ninguno [Venta de Cabras],Rural,"26°02´55.826""N","111°22´32.464""W",26.048839999999998,-111.37568400000001,72,G12A88,0,0
030090002,03,Baja California Sur,BCS,009,Loreto,0002,La Tinaja del Caracol,Rural,"26°32´13.417""N","111°45´20.326""W",26.53706,-111.755646,20,G12A67,1,1
030090004,03,Baja California Sur,BCS,009,Loreto,0004,La Ascension,Rural,"26°24´08.006""N","111°36´39.796""W",26.402224,-111.611054,120,G12A78,3,1
030090005,03,Baja California Sur,BCS,009,Loreto,0005,Las Bebelamas,Rural,"26°12´20.358""N","111°27´35.413""W",26.205655,-111.45983699999999,40,G12A88,1,1
030090011,03,Baja California Sur,BCS,009,Loreto,0011,Canipole,Rural,"26°24´43.864""N","111°40´07.459""W",26.412184,-111.668738,172,G12A77,3,1
030090012,03,Baja California Sur,BCS,009,Loreto,0012,El Cardonal,Rural,"26°10´38.945""N","111°27´56.689""W",26.177484,-111.46574699999999,57,G12A88,3,1
030090018,03,Baja California Sur,BCS,009,Loreto,0018,El Imposible,Rural,"26°13´50.730""N","111°33´34.465""W",26.230758000000002,-111.559574,90,G12A88,3,1
030090027,03,Baja California Sur,BCS,009,Loreto,0027,Lote 2-A,Rural,"26°18´07.029""N","111°32´53.552""W",26.301953000000001,-111.548209,51,G12A78,8,1
030090037,03,Baja California Sur,BCS,009,Loreto,0037,Lote 1,Rural,"26°18´15.064""N","111°32´04.316""W",26.304183999999999,-111.534532,56,G12A78,6,2
030090043,03,Baja California Sur,BCS,009,Loreto,0043,El Manglito,Rural,"26°32´49.673""N","111°45´33.308""W",26.547131,-111.759252,-4,G12A67,6,2
030090046,03,Baja California Sur,BCS,009,Loreto,0046,Monte Cabello,Rural,"26°11´04.800""N","111°29´54.999""W",26.184666,-111.498611,73,G12A88,1,1
030090051,03,Baja California Sur,BCS,009,Loreto,0051,Penjamo,Rural,"26°13´41.109""N","111°28´10.776""W",26.228085,-111.46965899999999,39,G12A88,5,1
030090055,03,Baja California Sur,BCS,009,Loreto,0055,El Pozo Redondo,Rural,"26°09´39.472""N","111°29´31.400""W",26.160964,-111.49205499999999,91,G12A88,2,1
030090060,03,Baja California Sur,BCS,009,Loreto,0060,Rentoy,Rural,"26°12´42.406""N","111°26´43.630""W",26.211779,-111.445452,38,G12A88,2,1
030090064,03,Baja California Sur,BCS,009,Loreto,0064,San Antonio,Rural,"26°23´06.175""N","111°33´49.799""W",26.385048000000001,-111.563833,79,G12A78,2,1
030090066,03,Baja California Sur,BCS,009,Loreto,0066,San Juan,Rural,"26°17´19.374""N","111°43´40.486""W",26.288715,-111.727912,337,G12A77,3,1
030090067,03,Baja California Sur,BCS,009,Loreto,0067,Lote 67,Rural,"26°13´40.548""N","111°29´08.625""W",26.227929,-111.48572900000001,40,G12A88,4,1
030090069,03,Baja California Sur,BCS,009,Loreto,0069,San Juan Londo,Rural,"26°13´28.000""N","111°28´29.805""W",26.224443999999998,-111.47494500000001,36,G12A88,6,2
030090074,03,Baja California Sur,BCS,009,Loreto,0074,San Vicente,Rural,"26°09´42.253""N","111°33´37.346""W",26.161736999999999,-111.560374,183,G12A88,2,1
030090089,03,Baja California Sur,BCS,009,Loreto,0089,La Calera,Rural,"25°54´11.549""N","111°32´36.108""W",25.903207999999999,-111.543363,460,G12C18,2,1
030090092,03,Baja California Sur,BCS,009,Loreto,0092,Chula Vista,Rural,"25°54´12.099""N","111°33´06.351""W",25.903361,-111.55176400000001,452,G12C18,4,2
030090097,03,Baja California Sur,BCS,009,Loreto,0097,Monte Alto,Rural,"25°55´52.801""N","111°37´14.982""W",25.931332999999999,-111.620828,365,G12C18,2,1
030090100,03,Baja California Sur,BCS,009,Loreto,0100,Rancho Viejo,Rural,"25°56´01.291""N","111°32´44.576""W",25.933692000000001,-111.545715,478,G12C18,2,1
030090103,03,Baja California Sur,BCS,009,Loreto,0103,San Guillermo,Rural,"25°56´13.925""N","111°35´42.174""W",25.937201000000002,-111.59504800000001,408,G12C18,1,1
030090104,03,Baja California Sur,BCS,009,Loreto,0104,Santa Isabel,Rural,"25°56´11.138""N","111°36´17.530""W",25.936426999999998,-111.60486899999999,391,G12C18,6,2
030090105,03,Baja California Sur,BCS,009,Loreto,0105,Los Aguajitos,Rural,"26°03´45.873""N","111°25´46.574""W",26.062743000000001,-111.429603,220,G12A88,5,1
030090116,03,Baja California Sur,BCS,009,Loreto,0116,Lomas Altas,Rural,"26°03´40.558""N","111°22´18.403""W",26.061266,-111.37177800000001,112,G12A88,5,1
030090117,03,Baja California Sur,BCS,009,Loreto,0117,Lomas Lindas,Rural,"26°04´15.499""N","111°22´33.317""W",26.070971,-111.37592100000001,101,G12A88,3,1
030090120,03,Baja California Sur,BCS,009,Loreto,0120,Las Piedras Rodadas,Rural,"26°05´29.928""N","111°23´56.503""W",26.091646000000001,-111.399028,133,G12A88,3,2
030090121,03,Baja California Sur,BCS,009,Loreto,0121,La Mesa,Rural,"26°03´50.927""N","111°23´46.203""W",26.064146000000001,-111.39616700000001,140,G12A88,3,1
030090132,03,Baja California Sur,BCS,009,Loreto,0132,El Saucito,Rural,"25°55´19.013""N","111°25´20.844""W",25.921946999999999,-111.422456,116,G12C18,2,1
030090140,03,Baja California Sur,BCS,009,Loreto,0140,El Agua Bonita,Rural,"25°45´08.547""N","111°27´01.230""W",25.752374,-111.45034200000001,395,G12C18,2,1
030090142,03,Baja California Sur,BCS,009,Loreto,0142,Agua Escondida,Rural,"25°46´42.707""N","111°32´52.113""W",25.778528999999999,-111.547809,300,G12C18,6,2
030090143,03,Baja California Sur,BCS,009,Loreto,0143,El Aguaje,Rural,"25°47´31.628""N","111°27´44.571""W",25.792119,-111.46238099999999,427,G12C18,7,2
030090144,03,Baja California Sur,BCS,009,Loreto,0144,La Altagracia,Rural,"25°40´29.164""N","111°23´48.301""W",25.674766999999999,-111.39675,338,G12C28,5,1
030090150,03,Baja California Sur,BCS,009,Loreto,0150,Los Corrales,Rural,"25°35´23.936""N","111°26´59.551""W",25.589981999999999,-111.44987500000001,264,G12C28,2,1
030090152,03,Baja California Sur,BCS,009,Loreto,0152,El Divisadero,Rural,"25°36´13.024""N","111°25´13.449""W",25.603618000000001,-111.420402,297,G12C28,6,2
030090155,03,Baja California Sur,BCS,009,Loreto,0155,La Engañosa,Rural,"25°34´40.665""N","111°28´53.279""W",25.577961999999999,-111.481466,234,G12C28,5,1
030090158,03,Baja California Sur,BCS,009,Loreto,0158,La Higuera,Rural,"25°45´31.176""N","111°26´20.279""W",25.758659999999999,-111.43896599999999,410,G12C18,4,2
030090159,03,Baja California Sur,BCS,009,Loreto,0159,El Huatamote,Rural,"25°35´50.059""N","111°20´20.440""W",25.597238000000001,-111.339011,330,G12C28,6,1
030090166,03,Baja California Sur,BCS,009,Loreto,0166,El Palo Blanco,Rural,"25°39´15.263""N","111°36´12.565""W",25.654240000000001,-111.60348999999999,166,G12C28,4,1
030090167,03,Baja California Sur,BCS,009,Loreto,0167,El Peloteado,Rural,"25°45´26.324""N","111°29´04.060""W",25.757311999999999,-111.484461,330,G12C18,6,2
030090169,03,Baja California Sur,BCS,009,Loreto,0169,La Poza de Gonzalez,Rural,"25°45´27.046""N","111°32´52.116""W",25.757512999999999,-111.54781,286,G12C18,6,1
030090171,03,Baja California Sur,BCS,009,Loreto,0171,La Poza Seca,Rural,"25°33´44.786""N","111°23´59.059""W",25.562441,-111.399738,274,G12C28,5,1
030090172,03,Baja California Sur,BCS,009,Loreto,0172,La Poza Verde,Rural,"25°37´33.872""N","111°21´21.071""W",25.626075,-111.355853,357,G12C28,6,2
030090180,03,Baja California Sur,BCS,009,Loreto,0180,San Lucas,Rural,"25°36´50.584""N","111°32´42.131""W",25.614051,-111.545036,189,G12C28,2,1
030090181,03,Baja California Sur,BCS,009,Loreto,0181,Santo Domingo,Rural,"25°44´37.371""N","111°31´50.806""W",25.743714000000001,-111.530779,270,G12C28,2,1
030090182,03,Baja California Sur,BCS,009,Loreto,0182,El Corralito,Rural,"25°45´55.417""N","111°26´05.296""W",25.765394000000001,-111.434804,420,G12C18,5,2
030090203,03,Baja California Sur,BCS,009,Loreto,0203,Rancho Nuevo Dos,Rural,"25°47´55.114""N","111°32´55.026""W",25.798642000000001,-111.548618,341,G12C18,2,1
030090204,03,Baja California Sur,BCS,009,Loreto,0204,El Pua,Rural,"25°50´13.473""N","111°29´49.653""W",25.837076,-111.49712599999999,430,G12C18,3,1
030090205,03,Baja California Sur,BCS,009,Loreto,0205,Rancho Nuevo,Rural,"25°47´35.846""N","111°33´02.241""W",25.793289999999999,-111.550623,318,G12C18,3,1
030090223,03,Baja California Sur,BCS,009,Loreto,0223,Rancho Viejo,Rural,"25°33´33.929""N","111°16´13.959""W",25.559425000000001,-111.270544,280,G12C29,3,2
030090225,03,Baja California Sur,BCS,009,Loreto,0225,San Antonio de la Higuera,Rural,"25°28´07.022""N","111°17´08.708""W",25.468616999999998,-111.285752,327,G12C39,2,1
030090229,03,Baja California Sur,BCS,009,Loreto,0229,Santa Cruz,Rural,"25°33´05.085""N","111°17´17.922""W",25.551413,-111.28831099999999,271,G12C29,5,1
030090232,03,Baja California Sur,BCS,009,Loreto,0232,El Tulillo,Rural,"25°30´19.774""N","111°20´42.423""W",25.505493000000001,-111.345117,221,G12C28,6,2
030090237,03,Baja California Sur,BCS,009,Loreto,0237,Isla Nuestra Señora del Carmen,Rural,"25°59´57.717""N","111°06´19.711""W",25.999365999999998,-111.105475,0,G12C19,1,1
030090242,03,Baja California Sur,BCS,009,Loreto,0242,Santa Ines,Rural,"25°44´02.205""N","111°24´41.900""W",25.733946,-111.41163899999999,362,G12C28,5,2
030090246,03,Baja California Sur,BCS,009,Loreto,0246,Las Brisas,Rural,"26°09´25.073""N","111°26´10.512""W",26.156965,-111.43625299999999,95,G12A88,2,1
030090256,03,Baja California Sur,BCS,009,Loreto,0256,Lote 9-B,Rural,"26°16´27.732""N","111°33´29.875""W",26.274369,-111.55829900000001,60,G12A78,3,2
030090258,03,Baja California Sur,BCS,009,Loreto,0258,La Morena,Rural,"26°09´42.455""N","111°26´19.994""W",26.161792999999999,-111.43888699999999,84,G12A88,4,2
030090304,03,Baja California Sur,BCS,009,Loreto,0304,El Palmarcito,Rural,"25°43´43.607""N","111°25´05.410""W",25.728778999999999,-111.41816900000001,349,G12C28,3,1
030090305,03,Baja California Sur,BCS,009,Loreto,0305,El Rincon,Rural,"26°15´12.005""N","111°29´19.936""W",26.253335,-111.488871,55,G12A78,5,1
030090306,03,Baja California Sur,BCS,009,Loreto,0306,San angel,Rural,"25°46´12.971""N","111°25´50.849""W",25.770268999999999,-111.430791,438,G12C18,4,1
030090310,03,Baja California Sur,BCS,009,Loreto,0310,El Copalito,Rural,"26°17´44.436""N","111°30´45.840""W",26.295676,-111.512733,43,G12A78,3,1
030090316,03,Baja California Sur,BCS,009,Loreto,0316,Danzante Bay,Rural,"25°43´08.147""N","111°13´59.667""W",25.718928999999999,-111.23324,0,G12C29,59,1
030090319,03,Baja California Sur,BCS,009,Loreto,0319,Rancho Guadalupe,Rural,"26°07´18.666""N","111°25´05.924""W",26.121850999999999,-111.418312,151,G12A88,2,1
030090324,03,Baja California Sur,BCS,009,Loreto,0324,Rancho Nuevo,Rural,"25°56´24.370""N","111°32´10.066""W",25.940102,-111.536129,488,G12C18,2,1
030090327,03,Baja California Sur,BCS,009,Loreto,0327,Las Cuevas,Rural,"25°58´01.125""N","111°23´33.947""W",25.966978999999998,-111.392763,38,G12C18,5,1
030090333,03,Baja California Sur,BCS,009,Loreto,0333,Las Huertas,Rural,"25°33´39.413""N","111°15´52.186""W",25.560948,-111.26449599999999,287,G12C29,2,1
030090337,03,Baja California Sur,BCS,009,Loreto,0337,La Piedra Rayada,Rural,"25°45´42.443""N","111°30´10.230""W",25.761790000000001,-111.502842,308,G12C18,3,1
030090339,03,Baja California Sur,BCS,009,Loreto,0339,El Saucito,Rural,"25°30´36.634""N","111°19´52.629""W",25.510176000000001,-111.33128499999999,247,G12C29,5,1
030090343,03,Baja California Sur,BCS,009,Loreto,0343,La Herradura,Rural,"25°45´19.914""N","111°26´37.749""W",25.755531999999999,-111.443819,401,G12C18,7,1
030090344,03,Baja California Sur,BCS,009,Loreto,0344,La Ilusion,Rural,"25°46´57.665""N","111°27´52.030""W",25.782684,-111.46445300000001,396,G12C18,2,1
030090345,03,Baja California Sur,BCS,009,Loreto,0345,La Pila,Rural,"25°32´23.097""N","111°21´05.787""W",25.539749,-111.351608,231,G12C28,3,1
030090346,03,Baja California Sur,BCS,009,Loreto,0346,La Virgencita,Rural,"25°38´33.074""N","111°30´54.445""W",25.642520000000001,-111.515124,219,G12C28,4,1
030090347,03,Baja California Sur,BCS,009,Loreto,0347,Las Palmas,Rural,"25°41´32.817""N","111°32´53.426""W",25.692449,-111.548174,217,G12C28,2,1
030090348,03,Baja California Sur,BCS,009,Loreto,0348,Los Cachorones,Rural,"25°36´26.963""N","111°23´55.896""W",25.607489999999999,-111.39886,312,G12C28,4,1
030090350,03,Baja California Sur,BCS,009,Loreto,0350,Los Palos Fierros,Rural,"25°47´27.151""N","111°27´50.490""W",25.790875,-111.46402500000001,419,G12C18,2,1
030090351,03,Baja California Sur,BCS,009,Loreto,0351,Los Seris,Rural,"25°47´40.354""N","111°27´38.172""W",25.794542,-111.46060300000001,446,G12C18,2,1
030090354,03,Baja California Sur,BCS,009,Loreto,0354,Rancho Escondido,Rural,"25°44´57.489""N","111°27´08.576""W",25.749302,-111.452382,384,G12C28,3,1
030090359,03,Baja California Sur,BCS,009,Loreto,0359,Uña de Gato,Rural,"25°38´40.224""N","111°30´32.188""W",25.644506,-111.50894099999999,217,G12C28,3,1
030090362,03,Baja California Sur,BCS,009,Loreto,0362,Agua Amarga Dos,Rural,"25°34´46.096""N","111°21´58.995""W",25.579470000000001,-111.366388,301,G12C28,2,1
030090363,03,Baja California Sur,BCS,009,Loreto,0363,Huatamote Viejo,Rural,"25°36´04.808""N","111°19´56.579""W",25.601336,-111.332382,339,G12C29,1,1
030090366,03,Baja California Sur,BCS,009,Loreto,0366,San Ignacio,Rural,"25°29´33.456""N","111°23´00.112""W",25.492626000000001,-111.383364,196,G12C38,2,1
030090369,03,Baja California Sur,BCS,009,Loreto,0369,El Puertito,Rural,"25°31´29.320""N","111°04´26.491""W",25.524809999999999,-111.07402500000001,13,G12C29,1,1
030090372,03,Baja California Sur,BCS,009,Loreto,0372,Los Corrales Dos,Rural,"25°49´51.256""N","111°31´00.452""W",25.830904,-111.516792,394,G12C18,4,1
030090373,03,Baja California Sur,BCS,009,Loreto,0373,El Mauto,Rural,"25°49´49.031""N","111°31´43.111""W",25.830286000000001,-111.52864099999999,383,G12C18,4,1
030090374,03,Baja California Sur,BCS,009,Loreto,0374,San Gregorio,Rural,"25°50´12.721""N","111°29´41.200""W",25.836867000000002,-111.494777,429,G12C18,4,1
030090377,03,Baja California Sur,BCS,009,Loreto,0377,Rancho San Judas,Rural,"26°03´59.195""N","111°22´26.491""W",26.066443,-111.374025,111,G12A88,1,1
030090381,03,Baja California Sur,BCS,009,Loreto,0381,La Cupula,Rural,"26°04´03.498""N","111°19´15.469""W",26.067637999999999,-111.32096300000001,3,G12A89,5,1
030090382,03,Baja California Sur,BCS,009,Loreto,0382,alamo,Rural,"26°13´03.249""N","111°33´08.441""W",26.217569000000001,-111.552345,95,G12A88,2,1
030090383,03,Baja California Sur,BCS,009,Loreto,0383,La Pitaya,Rural,"26°03´47.821""N","111°22´20.770""W",26.063283999999999,-111.372435,102,G12A88,2,1
030090384,03,Baja California Sur,BCS,009,Loreto,0384,La Herradura,Rural,"26°18´35.782""N","111°31´41.795""W",26.309939,-111.52827600000001,54,G12A78,2,1
030090385,03,Baja California Sur,BCS,009,Loreto,0385,Punta Ballena,Rural,"26°04´22.590""N","111°19´08.622""W",26.072941,-111.319061,0,G12A89,2,1
030090021,03,Baja California Sur,BCS,009,Loreto,0021,Lote 42,Rural,"26°15´48.049""N","111°31´47.603""W",26.263347,-111.529889,44,G12A78,0,0
030090029,03,Baja California Sur,BCS,009,Loreto,0029,Lote 9-A,Rural,"26°16´19.975""N","111°32´58.760""W",26.272214999999999,-111.549655,53,G12A78,0,0
030090035,03,Baja California Sur,BCS,009,Loreto,0035,Lote 3-A,Rural,"26°17´31.354""N","111°32´31.582""W",26.292041999999999,-111.542106,56,G12A78,0,0
030090038,03,Baja California Sur,BCS,009,Loreto,0038,Lote 25,Rural,"26°15´08.976""N","111°32´26.202""W",26.252493000000001,-111.540611,47,G12A78,0,0
030090045,03,Baja California Sur,BCS,009,Loreto,0045,El Molino,Rural,"26°32´05.328""N","111°43´29.018""W",26.534813,-111.724727,18,G12A67,0,0
030090047,03,Baja California Sur,BCS,009,Loreto,0047,Naocojoa,Rural,"26°15´46.430""N","111°35´51.235""W",26.262896999999999,-111.597565,167,G12A78,0,0
030090052,03,Baja California Sur,BCS,009,Loreto,0052,La Piedra,Rural,"26°10´00.534""N","111°33´25.361""W",26.166813999999999,-111.557045,169,G12A88,0,0
030090057,03,Baja California Sur,BCS,009,Loreto,0057,El 47,Rural,"26°20´58.903""N","111°33´22.729""W",26.349695000000001,-111.556314,89,G12A78,0,0
030090072,03,Baja California Sur,BCS,009,Loreto,0072,San Pedro,Rural,"26°14´32.004""N","111°29´41.891""W",26.242222999999999,-111.494969,39,G12A88,0,0
030090075,03,Baja California Sur,BCS,009,Loreto,0075,Santa Rosa,Rural,"26°17´58.784""N","111°33´25.076""W",26.299662000000001,-111.556966,63,G12A78,0,0
030090082,03,Baja California Sur,BCS,009,Loreto,0082,Rancho Nuevo (La Casa Vieja),Rural,"25°55´31.011""N","111°40´16.178""W",25.925280000000001,-111.67116,327,G12C17,0,0
030090086,03,Baja California Sur,BCS,009,Loreto,0086,El Pozo,Rural,"26°02´47.522""N","111°39´44.709""W",26.046534000000001,-111.662419,524,G12A88,0,0
030090093,03,Baja California Sur,BCS,009,Loreto,0093,Los Encinos,Rural,"26°04´37.743""N","111°35´07.372""W",26.07715,-111.585381,721,G12A88,0,0
030090102,03,Baja California Sur,BCS,009,Loreto,0102,San Francisco de Asis,Rural,"26°08´45.167""N","111°33´45.967""W",26.145879000000001,-111.562769,238,G12A88,0,0
030090119,03,Baja California Sur,BCS,009,Loreto,0119,Las Parras,Rural,"25°58´01.577""N","111°29´28.281""W",25.967103999999999,-111.49118900000001,436,G12C18,0,0
030090125,03,Baja California Sur,BCS,009,Loreto,0125,El Rincon,Rural,"25°55´07.348""N","111°21´18.741""W",25.918707000000001,-111.355206,-5,G12C18,0,0
030090129,03,Baja California Sur,BCS,009,Loreto,0129,San Felipe,Rural,"25°57´03.848""N","111°25´59.227""W",25.951069,-111.43311799999999,151,G12C18,0,0
030090136,03,Baja California Sur,BCS,009,Loreto,0136,La Venta,Rural,"25°58´32.928""N","111°28´11.990""W",25.975812999999999,-111.46999700000001,243,G12C18,0,0
030090139,03,Baja California Sur,BCS,009,Loreto,0139,Agua Amarga,Rural,"25°34´42.102""N","111°22´11.858""W",25.578361000000001,-111.36996000000001,300,G12C28,0,0
030090149,03,Baja California Sur,BCS,009,Loreto,0149,El Carrizalito,Rural,"25°37´03.894""N","111°22´38.511""W",25.617747999999999,-111.377364,330,G12C28,0,0
030090154,03,Baja California Sur,BCS,009,Loreto,0154,El Eden,Rural,"25°40´05.220""N","111°34´36.605""W",25.668116000000001,-111.57683400000001,188,G12C28,0,0
030090170,03,Baja California Sur,BCS,009,Loreto,0170,La Poza de Teresa,Rural,"25°42´08.362""N","111°32´01.901""W",25.702323,-111.533861,224,G12C28,0,0
030090176,03,Baja California Sur,BCS,009,Loreto,0176,Puerto Escondido,Rural,"25°48´42.226""N","111°18´31.929""W",25.811729,-111.308869,-5,G12C19,0,0
030090178,03,Baja California Sur,BCS,009,Loreto,0178,San Enrique,Rural,"25°33´22.021""N","111°24´48.688""W",25.556117,-111.413524,262,G12C28,0,0
030090179,03,Baja California Sur,BCS,009,Loreto,0179,San Lorenzo,Rural,"25°35´05.852""N","111°21´31.786""W",25.584959000000001,-111.358829,312,G12C28,0,0
030090185,03,Baja California Sur,BCS,009,Loreto,0185,La Vuelta del Cerro,Rural,"25°41´23.747""N","111°29´44.008""W",25.689928999999999,-111.49555700000001,268,G12C28,0,0
030090187,03,Baja California Sur,BCS,009,Loreto,0187,El Belen,Rural,"25°50´18.274""N","111°27´48.740""W",25.838408999999999,-111.463539,502,G12C18,0,0
030090191,03,Baja California Sur,BCS,009,Loreto,0191,Las Cuevas,Rural,"25°54´25.727""N","111°26´44.200""W",25.907146000000001,-111.445611,179,G12C18,0,0
030090195,03,Baja California Sur,BCS,009,Loreto,0195,Los Hornos,Rural,"25°49´14.843""N","111°27´39.702""W",25.820789000000001,-111.461028,521,G12C18,0,0
030090196,03,Baja California Sur,BCS,009,Loreto,0196,Incha,Rural,"25°54´19.025""N","111°27´36.962""W",25.905284999999999,-111.460267,219,G12C18,0,0
030090208,03,Baja California Sur,BCS,009,Loreto,0208,San Ramon,Rural,"25°50´16.911""N","111°29´33.403""W",25.838031000000001,-111.49261199999999,436,G12C18,0,0
030090209,03,Baja California Sur,BCS,009,Loreto,0209,Santa Maria,Rural,"25°51´13.583""N","111°21´54.205""W",25.853773,-111.36505699999999,73,G12C18,0,0
030090210,03,Baja California Sur,BCS,009,Loreto,0210,Santa Rosa,Rural,"25°50´17.281""N","111°28´34.766""W",25.838132999999999,-111.47632299999999,464,G12C18,0,0
030090213,03,Baja California Sur,BCS,009,Loreto,0213,Tiombo,Rural,"25°54´43.725""N","111°25´43.006""W",25.912146,-111.428612,124,G12C18,0,0
030090217,03,Baja California Sur,BCS,009,Loreto,0217,El Carrizalito,Rural,"25°35´53.448""N","111°10´54.736""W",25.598179999999999,-111.18187,8,G12C29,0,0
030090219,03,Baja California Sur,BCS,009,Loreto,0219,Los Sestiaderos,Rural,"25°32´19.301""N","111°21´16.375""W",25.538694,-111.35454900000001,221,G12C28,0,0
030090230,03,Baja California Sur,BCS,009,Loreto,0230,Santa Martha,Rural,"25°27´05.159""N","111°01´41.689""W",25.451433000000002,-111.028246,8,G12C39,0,0
030090234,03,Baja California Sur,BCS,009,Loreto,0234,San Carlos,Rural,"25°19´40.555""N","110°58´10.353""W",25.327931,-110.969542,8,G12D31,0,0
030090248,03,Baja California Sur,BCS,009,Loreto,0248,Buenavista,Rural,"25°39´09.697""N","111°30´52.679""W",25.652694,-111.514633,236,G12C28,0,0
030090251,03,Baja California Sur,BCS,009,Loreto,0251,El Arroyo del Leon,Rural,"26°08´37.405""N","111°26´21.997""W",26.143723000000001,-111.439443,116,G12A88,0,0
030090257,03,Baja California Sur,BCS,009,Loreto,0257,Lote 60,Rural,"26°13´57.131""N","111°29´53.031""W",26.232536,-111.498064,41,G12A88,0,0
030090259,03,Baja California Sur,BCS,009,Loreto,0259,Palo Blanco,Rural,"25°31´58.281""N","111°07´41.769""W",25.532855000000001,-111.128269,5,G12C29,0,0
030090271,03,Baja California Sur,BCS,009,Loreto,0271,Uña de Gato,Rural,"25°34´02.406""N","111°23´53.803""W",25.567333999999999,-111.398278,279,G12C28,0,0
030090273,03,Baja California Sur,BCS,009,Loreto,0273,San Pedro,Rural,"26°11´53.107""N","111°34´32.908""W",26.198084999999999,-111.575807,174,G12A88,0,0
030090276,03,Baja California Sur,BCS,009,Loreto,0276,Arroyo de Parras,Rural,"25°58´46.958""N","111°26´14.249""W",25.979710000000001,-111.437291,98,G12C18,0,0
030090281,03,Baja California Sur,BCS,009,Loreto,0281,Los Bajos,Rural,"26°02´48.733""N","111°19´50.940""W",26.046869999999998,-111.330816,0,G12A89,0,0
030090288,03,Baja California Sur,BCS,009,Loreto,0288,El Mezquite,Rural,"26°00´37.842""N","111°23´44.618""W",26.010511999999999,-111.39572699999999,52,G12A88,0,0
030090292,03,Baja California Sur,BCS,009,Loreto,0292,El Campo Blanco,Rural,"26°00´35.967""N","111°23´27.494""W",26.009990999999999,-111.39097,51,G12A88,0,0
030090300,03,Baja California Sur,BCS,009,Loreto,0300,Hacienda Guadalupe,Rural,"26°07´58.923""N","111°30´37.697""W",26.133033999999999,-111.510471,146,G12A88,0,0
030090311,03,Baja California Sur,BCS,009,Loreto,0311,El Cimarron,Rural,"26°19´08.633""N","111°30´06.276""W",26.319064000000001,-111.501743,78,G12A78,0,0
030090312,03,Baja California Sur,BCS,009,Loreto,0312,Las Pozas,Rural,"26°16´40.412""N","111°30´27.687""W",26.277892000000001,-111.50769099999999,53,G12A78,0,0
030090313,03,Baja California Sur,BCS,009,Loreto,0313,El Sacrificio,Rural,"26°28´24.812""N","111°40´23.140""W",26.473558000000001,-111.67309400000001,160,G12A77,0,0
030090317,03,Baja California Sur,BCS,009,Loreto,0317,El Entronque de Agua Verde,Rural,"25°36´31.806""N","111°18´52.314""W",25.608834999999999,-111.314532,365,G12C29,0,0
030090326,03,Baja California Sur,BCS,009,Loreto,0326,San Bruno,Rural,"26°12´26.285""N","111°25´54.299""W",26.207301000000001,-111.431749,19,G12A88,0,0
030090328,03,Baja California Sur,BCS,009,Loreto,0328,La Soledad,Rural,"26°00´30.443""N","111°24´57.036""W",26.008455999999999,-111.415843,74,G12A88,0,0
030090329,03,Baja California Sur,BCS,009,Loreto,0329,Rancho la Chingada,Rural,"26°00´16.833""N","111°24´36.112""W",26.004676,-111.410031,60,G12A88,0,0
030090332,03,Baja California Sur,BCS,009,Loreto,0332,El Paso Colorado,Rural,"26°00´41.222""N","111°27´09.380""W",26.011451000000001,-111.452606,134,G12A88,0,0
030090334,03,Baja California Sur,BCS,009,Loreto,0334,La Vinateria,Rural,"25°57´18.398""N","111°30´55.108""W",25.955110999999999,-111.515308,512,G12C18,0,0
030090342,03,Baja California Sur,BCS,009,Loreto,0342,La Angostura,Rural,"26°22´01.643""N","111°35´02.775""W",26.367121999999998,-111.584104,102,G12A78,0,0
030090349,03,Baja California Sur,BCS,009,Loreto,0349,Los Mangles,Rural,"25°30´49.305""N","111°18´32.416""W",25.513695999999999,-111.309004,270,G12C29,0,0
030090357,03,Baja California Sur,BCS,009,Loreto,0357,San Basilio,Rural,"26°22´18.339""N","111°25´43.670""W",26.371759999999998,-111.428797,21,G12A78,0,0
030090364,03,Baja California Sur,BCS,009,Loreto,0364,La Fortuna,Rural,"25°34´07.436""N","111°24´07.179""W",25.568732000000001,-111.401994,278,G12C28,0,0
030090365,03,Baja California Sur,BCS,009,Loreto,0365,Las Parras,Rural,"25°30´09.514""N","111°20´54.596""W",25.502642999999999,-111.348499,234,G12C28,0,0
030090368,03,Baja California Sur,BCS,009,Loreto,0368,La Ardilla,Rural,"25°36´35.534""N","111°25´04.465""W",25.609870999999998,-111.417906,316,G12C28,0,0
030090370,03,Baja California Sur,BCS,009,Loreto,0370,Los Tres Chamacos,Rural,"26°23´43.306""N","111°36´41.927""W",26.395361999999999,-111.61164599999999,121,G12A78,0,0
030090375,03,Baja California Sur,BCS,009,Loreto,0375,La Envidia,Rural,"26°07´02.851""N","111°25´12.586""W",26.117457999999999,-111.420162,160,G12A88,0,0
030090376,03,Baja California Sur,BCS,009,Loreto,0376,Los Dos Hermanos,Rural,"26°07´02.400""N","111°25´11.973""W",26.117332999999999,-111.41999199999999,160,G12A88,0,0
030090378,03,Baja California Sur,BCS,009,Loreto,0378,Rancho Buenavista,Rural,"26°04´13.005""N","111°23´05.582""W",26.070278999999999,-111.384884,121,G12A88,0,0
030090380,03,Baja California Sur,BCS,009,Loreto,0380,Rancho Guadalupe,Rural,"26°08´05.450""N","111°26´14.868""W",26.134847000000001,-111.43746299999999,128,G12A88,0,0
030090386,03,Baja California Sur,BCS,009,Loreto,0386,El Bajo,Rural,"26°05´30.155""N","111°19´34.840""W",26.091709000000002,-111.32634400000001,12,G12A89,0,0
030090390,03,Baja California Sur,BCS,009,Loreto,0390,Las Lagrimas,Rural,"25°56´17.907""N","111°40´30.615""W",25.938306999999998,-111.67516999999999,348,G12C17,0,0
030090222,03,Baja California Sur,BCS,009,Loreto,0222,Puerto Agua Verde,Rural,"25°30´43.439""N","111°04´16.555""W",25.512066000000001,-111.071265,6,G12C29,210,61
030090211,03,Baja California Sur,BCS,009,Loreto,0211,El Segundo Paso,Rural,"25°50´42.027""N","111°33´13.308""W",25.845006999999999,-111.553697,384,G12C18,18,5
030090388,03,Baja California Sur,BCS,009,Loreto,0388,La Higuerita,Rural,"26°29´15.479""N","111°36´49.015""W",26.487632999999999,-111.613615,97,G12A78,22,7
030090156,03,Baja California Sur,BCS,009,Loreto,0156,Ensenada Blanca,Rural,"25°43´40.244""N","111°15´11.027""W",25.727844999999999,-111.253063,11,G12C29,227,56
030090161,03,Baja California Sur,BCS,009,Loreto,0161,Ligüi,Rural,"25°44´08.801""N","111°16´16.326""W",25.735778,-111.271201,0,G12C29,248,71
030090235,03,Baja California Sur,BCS,009,Loreto,0235,Timbabichi,Rural,"25°15´28.986""N","110°57´04.397""W",25.258051999999999,-110.951221,-2,G12D31,22,10
030090358,03,Baja California Sur,BCS,009,Loreto,0358,San Juaniquito,Rural,"26°23´32.683""N","111°27´05.820""W",26.392412,-111.451617,6,G12A78,40,10
030090058,03,Baja California Sur,BCS,009,Loreto,0058,El Cimarron,Rural,"26°16´45.258""N","111°32´47.088""W",26.279237999999999,-111.546413,50,G12A78,4,3
030090183,03,Baja California Sur,BCS,009,Loreto,0183,Tripui [Trailer Park],Rural,"25°48´19.998""N","111°19´08.763""W",25.805554999999998,-111.31910000000001,8,G12C19,5,4
030090220,03,Baja California Sur,BCS,009,Loreto,0220,El Paso de Santa Cruz,Rural,"25°32´11.206""N","111°19´15.351""W",25.536446000000002,-111.32093,240,G12C29,8,3
030090151,03,Baja California Sur,BCS,009,Loreto,0151,La Cruz,Rural,"25°34´34.840""N","111°23´39.279""W",25.576343999999999,-111.394244,285,G12C28,8,3
030090216,03,Baja California Sur,BCS,009,Loreto,0216,Agua Verde,Rural,"25°31´08.257""N","111°04´52.672""W",25.51896,-111.08129700000001,2,G12C29,7,3
030090233,03,Baja California Sur,BCS,009,Loreto,0233,La ultima Agua,Rural,"25°33´44.865""N","111°15´28.938""W",25.562463000000001,-111.258038,288,G12C29,11,3
030090164,03,Baja California Sur,BCS,009,Loreto,0164,El Mezquite,Rural,"25°38´28.157""N","111°30´47.598""W",25.641154,-111.513222,218,G12C28,10,3
030090221,03,Baja California Sur,BCS,009,Loreto,0221,La Presa,Rural,"25°32´45.189""N","111°18´11.879""W",25.545885999999999,-111.30329999999999,263,G12C29,10,3
030090261,03,Baja California Sur,BCS,009,Loreto,0261,El Pasito,Rural,"25°49´50.223""N","111°31´10.243""W",25.830617,-111.51951099999999,391,G12C18,11,3
030090389,03,Baja California Sur,BCS,009,Loreto,0389,Tecoragui,Rural,"26°04´32.421""N","111°20´26.785""W",26.075672000000001,-111.340773,34,G12A88,10,4
030090118,03,Baja California Sur,BCS,009,Loreto,0118,Nopolo,Rural,"25°56´06.968""N","111°21´33.515""W",25.935269000000002,-111.35930999999999,-3,G12C18,103,50
030090197,03,Baja California Sur,BCS,009,Loreto,0197,Juncalito,Rural,"25°50´01.341""N","111°19´59.741""W",25.833705999999999,-111.33326099999999,0,G12C19,12,5
030090296,03,Baja California Sur,BCS,009,Loreto,0296,Los Bufalos,Rural,"26°17´37.636""N","111°31´37.224""W",26.293786999999998,-111.527006,54,G12A78,14,3
030090371,03,Baja California Sur,BCS,009,Loreto,0371,San Cosme,Rural,"25°34´05.924""N","111°09´02.634""W",25.568311999999999,-111.150732,22,G12C29,11,4
030090028,03,Baja California Sur,BCS,009,Loreto,0028,La Giganta,Rural,"26°17´54.506""N","111°32´16.115""W",26.298473999999999,-111.537809,60,G12A78,12,3
030090192,03,Baja California Sur,BCS,009,Loreto,0192,Los Dolores,Rural,"25°50´01.397""N","111°31´32.100""W",25.833721000000001,-111.525583,395,G12C18,13,5
030090267,03,Baja California Sur,BCS,009,Loreto,0267,Rancho San Cosme,Rural,"25°34´41.299""N","111°10´05.705""W",25.578137999999999,-111.168251,6,G12C29,15,5
030090322,03,Baja California Sur,BCS,009,Loreto,0322,Ejido Loreto al Sur,Rural,"25°59´24.007""N","111°22´20.535""W",25.990002,-111.37237,39,G12C18,11,3
030090352,03,Baja California Sur,BCS,009,Loreto,0352,Los Mangos,Rural,"26°16´58.328""N","111°33´30.907""W",26.282868000000001,-111.55858499999999,60,G12A78,8,5
030090031,03,Baja California Sur,BCS,009,Loreto,0031,Lote 11,Rural,"26°15´36.759""N","111°33´32.871""W",26.260211000000002,-111.55913099999999,57,G12A78,15,4
030090189,03,Baja California Sur,BCS,009,Loreto,0189,Los Corrales,Rural,"25°49´49.520""N","111°30´53.969""W",25.830421999999999,-111.51499099999999,398,G12C18,11,3
030090206,03,Baja California Sur,BCS,009,Loreto,0206,San Javier,Rural,"25°51´42.885""N","111°32´36.363""W",25.861913000000001,-111.543434,400,G12C18,155,42
030090193,03,Baja California Sur,BCS,009,Loreto,0193,La Fortuna,Rural,"25°49´29.153""N","111°32´32.596""W",25.824763999999998,-111.54238700000001,362,G12C18,20,4
,,,,,,,,,,,,,,,17956,5588
,,,,,,,,,,,,,,,,
